<?xml version="1.0" encoding="UTF-8" standalone="yes"?>
<addon id="repository.DrxipZFlixZ" name="DrxipZFlixZ" version="1.0" provider-name="DrxipZFlixZ">
    <extension point="xbmc.addon.repository" name="DrxipZ Repository">
        <dir>
            <info compressed="false">https://raw.githubusercontent.com/DrxipZFlixZ/DrxipZFlixZ/master/repo/zips/addons.xml</info>
            <checksum>https://raw.githubusercontent.com/DrxipZFlixZ/DrxipZFlixZ/master/repo/zips/addons.xml.md5</checksum>
            <datadir zip="true">https://raw.githubusercontent.com/DrxipZFlixZ/DrxipZFlixZ/master/repo/zips/</datadir>
        </dir>
    </extension>
    <extension point="xbmc.addon.metadata">
        <summary>DrxipZ Repo</summary>
        <description>DrxipZ Repo</description>
        <disclaimer></disclaimer>
        <platform>all</platform>
        <assets>
            <icon>icon.png</icon>
            <fanart>fanart.jpg</fanart>
        </assets>
    </extension>
</addon>